id,title,address
1,CVS,"3925 Lindell Blvd, St Louis, MO, 63108"
2,CVS,"4100 Gravois Ave, St Louis, MO, 63116"
3,CVS,"4255 Hampton Ave, St Louis, MO, 63109"
4,CVS,"7320 Gravois Ave, St Louis, MO, 63116"
5,Medicine Shoppe,"3137 S Grand Blvd, St Louis, MO, 63118"
6,Medicine Shoppe,"625 N Euclid Ave, St Louis, MO, 63108"
7,Walgreens,"1225 Union Blvd, St Louis, MO, 63113"
8,Walgreens,"1400 N Grand Blvd, St Louis, MO, 63106"
9,Walgreens,"1530 Lafayette Ave, St Louis, MO, 63104"
10,Walgreens,"2310 McCausland Ave, St Louis, MO, 63143"
11,Walgreens,"2340 Hampton Ave, St Louis, MO, 63139"
12,Walgreens,"2933, St Louis, MO, 63139"
13,Walgreens,"3631 Gravois Ave, St Louis, MO, 63116"
14,Walgreens,"3660 Vista Ave, St Louis, MO, 63110"
15,Walgreens,"3720 N Kingshighway Blvd, St Louis, MO, 63115"
16,Walgreens,"3822 S Kingshighway Blvd, St Louis, MO, 63109"
17,Walgreens,"3920 Hampton Ave, St Louis, MO, 63109"
18,Walgreens,"4140 S Broadway, St Louis, MO, 63118"
19,Walgreens,"4218 Lindell Blvd, St Louis, MO, 63108"
20,Walgreens,"4925 Southwest Ave, St Louis, MO, 63110"
21,Walgreens,"5550 S Grand Blvd, St Louis, MO, 63111"
22,Walgreens,"6411 Gravois Ave, St Louis, MO, 63116"
23,Walgreens,"7339 Gravois Ave, St Louis, MO, 63116"
